﻿<parameters>
  <parameter name="IIS Web Application Name" defaultValue="hermes.holux.gpx" tags="IisApp">
    <parameterEntry kind="ProviderPath" scope="IisApp" match="^C:\\src\\hermes\.gpx\.protocol\\Hermes\.Holux\.Protocol\\obj\\Caravan-Serai\\Package\\PackageTmp$" />
    <parameterEntry kind="ProviderPath" scope="setAcl" match="^C:\\src\\hermes\.gpx\.protocol\\Hermes\.Holux\.Protocol\\obj\\Caravan-Serai\\Package\\PackageTmp$" />
  </parameter>
  <parameter name="distributor-Web.config Connection String" defaultValue="User Id=distrdev;Password=distrdev;Server=192.168.101.149;Direct=True;Sid=orclscs;Persist Security Info=True">
    <parameterEntry kind="XmlFile" scope="C:\\src\\hermes\.gpx\.protocol\\Hermes\.Holux\.Protocol\\obj\\Caravan-Serai\\Package\\PackageTmp\\Web\.config$" match="/configuration/connectionStrings/add[@name='distributor']/@connectionString" />
    <parameterEntry kind="XmlFile" scope="C:\\src\\hermes\.gpx\.protocol\\Hermes\.Holux\.Protocol\\obj\\Caravan-Serai\\Package\\PackageTmp\\bin\\Web\.config$" match="/configuration/connectionStrings/add[@name='distributor']/@connectionString" />
  </parameter>
  <parameter name="hermes-Web.config Connection String" defaultValue="Data Source=WIN-V6RGIQ930O8\SQLEXPRESS;Initial Catalog=hermes;Persist Security Info=True;User ID=sa;Password=Asdewq12#z">
    <parameterEntry kind="XmlFile" scope="C:\\src\\hermes\.gpx\.protocol\\Hermes\.Holux\.Protocol\\obj\\Caravan-Serai\\Package\\PackageTmp\\Web\.config$" match="/configuration/connectionStrings/add[@name='hermes']/@connectionString" />
    <parameterEntry kind="XmlFile" scope="C:\\src\\hermes\.gpx\.protocol\\Hermes\.Holux\.Protocol\\obj\\Caravan-Serai\\Package\\PackageTmp\\bin\\Web\.config$" match="/configuration/connectionStrings/add[@name='hermes']/@connectionString" />
  </parameter>
</parameters>